1  |Twigle       |GRASS   |null    |OVERGROW          |ROUGH_SKIN        |REGENERATOR       |[58, 58, 69, 46, 69, 35]      |52.5  |45 |MONSTER     |GRASS       |
2  |Torgged      |GRASS   |ROCK    |OVERGROW          |ROUGH_SKIN        |REGENERATOR       |[73, 75, 80, 48, 89, 37]      |310.5 |40 |MONSTER     |GRASS       |
3  |Tortugis     |GRASS   |ROCK    |OVERGROW          |ROUGH_SKIN        |REGENERATOR       |[95, 87, 91, 95, 110, 39]     |476.0 |35 |MONSTER     |GRASS       |
4  |Lagma        |FIRE    |null    |BLAZE             |DRY_SKIN          |DROUGHT           |[60, 49, 54, 74, 58, 34]      |13.4  |50 |AMORPHOUS   |AMORPHOUS   |
5  |Maguide      |FIRE    |null    |BLAZE             |DRY_SKIN          |DROUGHT           |[80, 75, 65, 75, 60, 50]      |75.6  |40 |AMORPHOUS   |AMORPHOUS   |
6  |Magron       |FIRE    |STEEL   |BLAZE             |DRY_SKIN          |DROUGHT           |[109, 81, 71, 101, 67, 92]    |125.2 |35 |AMORPHOUS   |AMORPHOUS   |
7  |Lizish       |WATER   |null    |TORRENT           |PROTEAN           |SWIFT_SWIM        |[45, 70, 56, 46, 45, 63]      |9.5   |40 |WATER_1     |DRAGON      |
8  |Iguaton      |WATER   |null    |TORRENT           |PROTEAN           |SWIFT_SWIM        |[60, 90, 76, 49, 55, 70]      |45.0  |35 |WATER_1     |DRAGON      |
9  |Dragave      |WATER   |FIGHTING|TORRENT           |PROTEAN           |SWIFT_SWIM        |[85, 110, 105, 65, 85, 80]    |195.6 |30 |WATER_1     |DRAGON      |
13 |Chivick      |LIGHT   |FLYING  |KEEN_EYE          |INSECT_FEEDER     |RADIANT           |[35, 35, 35, 55, 55, 80]      |2.0   |180|FLYING      |FLYING      |
14 |Humbrill     |LIGHT   |FLYING  |MIRROR_ARMOR      |INSECT_FEEDER     |RADIANT           |[50, 40, 45, 75, 70, 100]     |5.0   |150|FLYING      |FLYING      |
15 |Huminescence |LIGHT   |FLYING  |MIRROR_ARMOR      |INSECT_FEEDER     |RADIANT           |[70, 40, 60, 100, 100, 130]   |30.5  |90 |FLYING      |FLYING      |
10 |Scigeon      |NORMAL  |FLYING  |INSOMNIA          |INSECT_FEEDER     |AMBUSH            |[56, 61, 65, 20, 29, 45]      |5.5   |245|FLYING      |FLYING      |
11 |Thieven      |NORMAL  |FLYING  |INSOMNIA          |INSECT_FEEDER     |AMBUSH            |[66, 76, 76, 40, 50, 78]      |40.9  |150|FLYING      |FLYING      |
12 |Armoraven    |STEEL   |FLYING  |BATTLE_ARMOR      |TOUGH_CLAWS       |IRON_BARBS        |[76, 95, 100, 56, 80, 81]     |129.2 |85 |FLYING      |FLYING      |
16 |Hammo        |NORMAL  |null    |MOUTHWATER        |THICK_FAT         |UNAWARE           |[99, 61, 51, 40, 79, 20]      |95.6  |255|FIELD       |HUMAN$LIKE  |
17 |Grunswine    |NORMAL  |null    |MOUTHWATER        |THICK_FAT         |UNAWARE           |[150, 79, 75, 43, 108, 35]    |445.9 |190|FIELD       |HUMAN$LIKE  |
18 |Hoghoncho    |NORMAL  |ROCK    |ROUGH_SKIN        |ROCK_HEAD         |SOLID_ROCK        |[150, 105, 110, 40, 85, 45]   |785.5 |100|FIELD       |HUMAN$LIKE  |
41 |Teddull      |NORMAL  |null    |ADAPTABILITY      |ANGER_POINT       |SCRAPPY           |[55, 55, 55, 55, 55, 55]      |65.7  |125|FIELD       |HUMAN$LIKE  |
42 |Teddician    |NORMAL  |MAGIC   |ADAPTABILITY      |SHIELD_DUST       |SCRAPPY           |[75, 75, 75, 75, 75, 75]      |65.8  |100|FIELD       |HUMAN$LIKE  |
43 |Teddinaut    |NORMAL  |GALACTIC|ADAPTABILITY      |LEVITATE          |SCRAPPY           |[80, 60, 75, 135, 85, 80]     |90.9  |50 |FIELD       |HUMAN$LIKE  |
19 |Minipede     |BUG     |null    |SWARM             |COMPOUND_EYES     |SHIELD_DUST       |[33, 44, 29, 23, 33, 38]      |0.9   |255|BUG         |MINERAL     |
20 |Centinel     |BUG     |null    |SWARM             |COMPOUND_EYES     |SHIELD_DUST       |[52, 66, 61, 41, 75, 80]      |2.0   |200|BUG         |MINERAL     |
21 |Milimace     |BUG     |null    |POISON_HEAL       |COMPOUND_EYES     |THREATENING       |[80, 70, 80, 55, 120, 100]    |50.7  |125|BUG         |MINERAL     |
22 |Milipleura   |BUG     |ROCK    |ROUGH_SKIN        |COMPOUND_EYES     |THREATENING       |[80, 120, 120, 35, 80, 70]    |90.5  |125|BUG         |MINERAL     |
26 |Sapwin       |GRASS   |null    |ANGER_POINT       |CHLOROPHYLL       |GUTS              |[65, 90, 85, 50, 30, 55]      |100.5 |75 |GRASS       |HUMAN$LIKE  |
27 |Kappalm      |GRASS   |FIGHTING|ANGER_POINT       |CHLOROPHYLL       |GUTS              |[100, 120, 110, 55, 35, 55]   |399.9 |50 |GRASS       |HUMAN$LIKE  |
28 |Serpenge     |GRASS   |DRAGON  |BERSERK           |CHLOROPHYLL       |TERRIFY           |[120, 75, 80, 115, 80, 90]    |412.5 |30 |GRASS       |HUMAN$LIKE  |
29 |Budew        |GRASS   |POISON  |POISON_POINT      |NATURAL_CURE      |CORROSION         |[40, 30, 35, 50, 70, 55]      |2.6   |255|FAIRY       |GRASS       |
30 |Roselia      |GRASS   |POISON  |POISON_POINT      |NATURAL_CURE      |CORROSION         |[50, 60, 45, 100, 80, 65]     |4.4   |150|FAIRY       |GRASS       |
31 |Roserade     |GRASS   |POISON  |TECHNICIAN        |NATURAL_CURE      |CORROSION         |[70, 60, 65, 125, 105, 90]    |32.0  |75 |FAIRY       |GRASS       |
32 |Sewaddle     |BUG     |GRASS   |SWARM             |CHLOROPHYLL       |TECHNICIAN        |[45, 53, 70, 40, 60, 42]      |5.5   |255|BUG         |GRASS       |
33 |Swadloon     |BUG     |GRASS   |SWARM             |CHLOROPHYLL       |TECHNICIAN        |[55, 63, 90, 50, 80, 42]      |16.1  |120|BUG         |GRASS       |
34 |Leavanny     |BUG     |GRASS   |SHARPNESS         |CHLOROPHYLL       |UNBURDEN          |[75, 108, 80, 60, 80, 97]     |45.2  |45 |BUG         |GRASS       |
122|Grubbin      |BUG     |null    |SWARM             |HYPER_CUTTER      |SNIPER            |[47, 62, 45, 55, 45, 46]      |9.7   |255|BUG         |BUG         |
123|Charjabug    |BUG     |ELECTRIC|STATIC            |BATTLE_ARMOR      |VOLT_ABSORB       |[57, 82, 95, 55, 75, 36]      |23.1  |120|BUG         |BUG         |
124|Vikavolt     |BUG     |ELECTRIC|LEVITATE          |TINTED_LENS       |SPEED_BOOST       |[77, 65, 90, 110, 75, 95]     |99.2  |45 |BUG         |BUG         |
38 |Busheep      |GRASS   |null    |ANTICIPATION      |FLUFFY            |CHLOROPHYLL       |[60, 50, 100, 75, 105, 60]    |15.8  |230|GRASS       |FIELD       |
39 |Ramant       |GRASS   |null    |MOXIE             |DEFIANT           |RECKLESS          |[70, 130, 95, 45, 80, 100]    |87.7  |85 |GRASS       |FIELD       |
40 |Bushewe      |GRASS   |LIGHT   |SERENE_GRACE      |COMPETITIVE       |GRASSY_SURGE      |[70, 45, 80, 130, 95, 100]    |55.6  |100|GRASS       |FIELD       |
35 |Scarabit     |BUG     |FIGHTING|HYPER_CUTTER      |SWARM             |ANTICIPATION      |[40, 60, 65, 30, 50, 70]      |6.0   |200|BUG         |HUMAN$LIKE  |
36 |Spartipede   |BUG     |FIGHTING|HYPER_CUTTER      |JUSTIFIED         |SHARPNESS         |[53, 95, 85, 30, 53, 85]      |45.5  |85 |BUG         |HUMAN$LIKE  |
37 |Gladipede    |BUG     |FIGHTING|SPEED_BOOST       |JUSTIFIED         |THREATENING       |[63, 120, 90, 62, 65, 105]    |90.1  |50 |BUG         |HUMAN$LIKE  |
60 |Lotad        |WATER   |GRASS   |SWIFT_SWIM        |RAIN_DISH         |HYDRATION         |[40, 30, 30, 40, 50, 30]      |5.7   |255|WATER_1     |GRASS       |
61 |Lombre       |WATER   |GRASS   |SWIFT_SWIM        |RAIN_DISH         |HYDRATION         |[60, 50, 50, 60, 70, 50]      |71.7  |120|WATER_1     |GRASS       |
62 |Ludicolo     |WATER   |GRASS   |SWIFT_SWIM        |RAIN_DISH         |HYDRATION         |[80, 70, 70, 90, 100, 70]     |121.3 |45 |WATER_1     |GRASS       |
129|Willolagos   |MAGIC   |LIGHT   |MAGIC_GUARD       |FLASH_FIRE        |MAGIC_BOUNCE      |[60, 40, 39, 120, 95, 101]    |7.3   |80 |FAIRY       |FIELD       |
125|Sedinister   |ROCK    |GROUND  |STURDY            |UNERODIBLE        |SOLID_ROCK        |[68, 72, 122, 20, 25, 18]     |104.4 |200|MINERAL     |MINERAL     |
126|Metaslate    |ROCK    |GROUND  |STURDY            |UNERODIBLE        |SOLID_ROCK        |[87, 95, 143, 25, 30, 45]     |256.2 |130|MINERAL     |MINERAL     |
127|Sedisoftra   |ROCK    |GROUND  |STURDY            |UNERODIBLE        |SAND_STREAM       |[95, 110, 150, 70, 45, 55]    |337.2 |40 |MINERAL     |MINERAL     |
128|Prismodon    |ROCK    |LIGHT   |STURDY            |FILTER            |SAND_STREAM       |[90, 75, 50, 110, 150, 50]    |370.5 |35 |MINERAL     |MINERAL     |
107|Asmethiss    |ROCK    |PSYCHIC |SHED_SKIN         |REGENERATOR       |FILTER            |[62, 68, 45, 62, 65, 60]      |140.3 |120|MINERAL     |DRAGON      |
108|Aspomancer   |ROCK    |PSYCHIC |SYNCHRONIZE       |REGENERATOR       |INTIMIDATE        |[72, 75, 73, 75, 70, 75]      |173.2 |65 |MINERAL     |DRAGON      |
109|Kobraturgy   |ROCK    |PSYCHIC |ROCK_HEAD         |REGENERATOR       |INTIMIDATE        |[99, 120, 80, 80, 76, 80]     |252.9 |30 |MINERAL     |DRAGON      |
130|Sabore       |ROCK    |null    |INTIMIDATE        |TECHNICIAN        |STURDY            |[55, 90, 60, 45, 50, 80]      |40.6  |100|MINERAL     |FIELD       |
131|Saberock     |ROCK    |DARK    |INTIMIDATE        |TECHNICIAN        |STURDY            |[75, 111, 75, 90, 64, 85]     |190.0 |35 |MINERAL     |FIELD       |
180|Rexisilt     |FIGHTING|GROUND  |NO_GUARD          |GUTS              |ADAPTABILITY      |[52, 72, 69, 77, 56, 67]      |62.5  |65 |MONSTER     |HUMAN$LIKE  |
181|Pterator     |FIGHTING|FLYING  |NO_GUARD          |GUTS              |ADAPTABILITY      |[66, 74, 85, 106, 95, 97]     |190.3 |45 |MONSTER     |HUMAN$LIKE  |
84 |Snowlet      |ICE     |PSYCHIC |SNOW_CLOAK        |MOUTHWATER        |SNOW_WARNING      |[60, 15, 40, 80, 73, 55]      |4.5   |75 |FLYING      |FAIRY       |
85 |Nixnerva     |ICE     |PSYCHIC |SNOW_CLOAK        |ICE_BODY          |SNOW_WARNING      |[85, 30, 65, 120, 120, 75]    |89.5  |45 |FLYING      |FAIRY       |
204|Cervora      |ICE     |MAGIC   |EVERGLOW          |SNOW_CLOAK        |SPARKLY_SURGE     |[90, 64, 67, 85, 71, 58]      |100.0 |35 |FIELD       |FAIRY       |
162|Snom         |ICE     |BUG     |ICY_SCALES        |SWARM             |TINTED_LENS       |[30, 25, 35, 45, 30, 20]      |8.4   |190|BUG         |BUG         |
163|Frosmoth     |ICE     |BUG     |ICY_SCALES        |SHIELD_DUST       |TINTED_LENS       |[70, 65, 60, 125, 90, 65]     |92.6  |75 |BUG         |BUG         |
205|Grislush     |GROUND  |ICE     |STURDY            |TECHNICIAN        |REFRIGERATE       |[80, 74, 87, 25, 96, 33]      |135.6 |135|FIELD       |FIELD       |
206|Thalarctic   |FIGHTING|ICE     |GUTS              |SLUSH_RUSH        |REFRIGERATE       |[95, 130, 90, 45, 85, 40]     |208.1 |30 |FIELD       |FIELD       |
207|Ceramber     |ROCK    |FIGHTING|FORTIFY           |SAND_FORCE        |ROUGH_SKIN        |[65, 90, 120, 20, 65, 20]     |95.4  |100|MONSTER     |MINERAL     |
208|Topazatops   |ROCK    |FIGHTING|FORTIFY           |SAND_FORCE        |ROUGH_SKIN        |[114, 124, 130, 20, 130, 20]  |900.9 |30 |MONSTER     |MINERAL     |
186|Spheal       |ICE     |WATER   |UNAWARE           |THICK_FAT         |ICE_BODY          |[70, 40, 50, 55, 50, 25]      |87.1  |255|WATER_1     |FIELD       |
187|Sealeo       |ICE     |WATER   |UNAWARE           |THICK_FAT         |ICE_BODY          |[90, 60, 70, 75, 70, 45]      |193.1 |120|WATER_1     |FIELD       |
188|Walrein      |ICE     |WATER   |UNAWARE           |THICK_FAT         |ICE_BODY          |[110, 80, 90, 95, 90, 65]     |332.0 |45 |WATER_1     |FIELD       |
81 |Froshrog     |WATER   |LIGHT   |TORRENT           |SLUSH_RUSH        |SWIFT_SWIM        |[44, 46, 50, 76, 62, 92]      |9.9   |85 |WATER_1     |WATER_1     |
82 |Bouncerog    |WATER   |LIGHT   |TORRENT           |SLUSH_RUSH        |SWIFT_SWIM        |[63, 56, 69, 120, 90, 112]    |25.9  |45 |WATER_1     |WATER_1     |
94 |Lunymph      |BUG     |DARK    |TECHNICIAN        |INSOMNIA          |TERRIFY           |[52, 59, 51, 33, 46, 58]      |7.5   |135|BUG         |BUG         |
95 |Fearomoth    |BUG     |DARK    |TECHNICIAN        |INSOMNIA          |TERRIFY           |[88, 102, 67, 61, 88, 101]    |18.5  |50 |BUG         |BUG         |
49 |Hatenna      |PSYCHIC |MAGIC   |ANTICIPATION      |SLEIGHT_OF_HAND   |UNWAVERING        |[42, 30, 45, 56, 53, 39]      |7.5   |235|FAIRY       |FAIRY       |
50 |Hattrem      |PSYCHIC |MAGIC   |MAGIC_BOUNCE      |SLEIGHT_OF_HAND   |UNWAVERING        |[57, 40, 65, 86, 73, 49]      |10.6  |120|FAIRY       |FAIRY       |
51 |Hatterene    |PSYCHIC |MAGIC   |MAGIC_BOUNCE      |SLEIGHT_OF_HAND   |MYSTIC_RIFT       |[82, 65, 95, 136, 103, 29]    |11.2  |45 |FAIRY       |FAIRY       |
189|Whotter      |WATER   |PSYCHIC |WATER_VEIL        |ANTICIPATION      |HYDRATION         |[55, 19, 66, 74, 99, 20]      |16.6  |75 |WATER_1     |FIELD       |
190|Lutrineer    |WATER   |PSYCHIC |WATER_VEIL        |SWIFT_SWIM        |DRIZZLE           |[71, 48, 87, 102, 106, 86]    |41.0  |45 |WATER_1     |FIELD       |
178|Mosscelot    |GRASS   |PSYCHIC |GRASSY_SURGE      |PSYCHIC_SURGE     |UNBURDEN          |[43, 43, 43, 88, 80, 43]      |13.1  |75 |GRASS       |FIELD       |
179|Osceloma     |GRASS   |PSYCHIC |GRASSY_SURGE      |PSYCHIC_SURGE     |UNBURDEN          |[67, 72, 87, 96, 93, 104]     |115.5 |40 |GRASS       |FIELD       |
132|Psycorb      |PSYCHIC |null    |PSYCHIC_SURGE     |LEVITATE          |TRACE             |[25, 20, 63, 55, 62, 25]      |75.0  |125|MINERAL     |AMORPHOUS   |
133|Psyballs     |PSYCHIC |STEEL   |PSYCHIC_SURGE     |LEVITATE          |TRACE             |[50, 70, 90, 70, 90, 30]      |175.0 |75 |MINERAL     |AMORPHOUS   |
134|Psycorboratr |PSYCHIC |STEEL   |PSYCHIC_SURGE     |LEVITATE          |TRACE             |[100, 140, 100, 70, 100, 40]  |275.0 |25 |MINERAL     |AMORPHOUS   |
63 |Ralts        |PSYCHIC |LIGHT   |SYNCHRONIZE       |TRACE             |PIXILATE          |[28, 25, 25, 65, 55, 40]      |14.6  |235|HUMAN$LIKE  |FAIRY       |
64 |Kirlia       |PSYCHIC |LIGHT   |SYNCHRONIZE       |TRACE             |PIXILATE          |[38, 35, 35, 95, 85, 50]      |44.5  |120|HUMAN$LIKE  |FAIRY       |
65 |Gardevoir    |PSYCHIC |LIGHT   |EMPATHIC_LINK     |TRACE             |PIXILATE          |[68, 65, 65, 125, 115, 80]    |106.7 |45 |HUMAN$LIKE  |FAIRY       |
66 |Gallade      |PSYCHIC |FIGHTING|SHARPNESS         |JUSTIFIED         |INNER_FOCUS       |[68, 125, 65, 65, 115, 80]    |114.6 |45 |HUMAN$LIKE  |FAIRY       |
83 |Benglow      |LIGHT   |NORMAL  |SIMPLE            |NORMALIZE         |PIXILATE          |[65, 79, 67, 103, 72, 69]     |250.4 |65 |FIELD       |FIELD       |
137|Inkay        |PSYCHIC |DARK    |CONTRARY          |BRAINWASH         |ILLUMINATION      |[53, 54, 53, 37, 46, 45]      |7.7   |190|WATER_1     |WATER_2     |
138|Malamar      |PSYCHIC |DARK    |CONTRARY          |BRAINWASH         |ILLUMINATION      |[86, 92, 88, 68, 75, 73]      |103.6 |80 |WATER_1     |WATER_2     |
52 |Flameruff    |FIRE    |NORMAL  |INTIMIDATE        |FLASH_FIRE        |RECKLESS          |[46, 74, 68, 48, 58, 81]      |21.0  |75 |FIELD       |FIELD       |
53 |Barkflare    |FIRE    |NORMAL  |INTIMIDATE        |FLASH_FIRE        |RECKLESS          |[65, 103, 82, 66, 79, 100]    |93.6  |50 |FIELD       |FIELD       |
54 |Sember       |FIRE    |null    |FLAME_BODY        |FLASH_FIRE        |UNBURDEN          |[30, 20, 40, 103, 30, 83]     |10.0  |195|FIELD       |HUMAN$LIKE  |
55 |Kaboon       |FIRE    |FIGHTING|FLAME_BODY        |IRON_FIST         |UNBURDEN          |[43, 88, 50, 74, 52, 93]      |145.6 |100|FIELD       |HUMAN$LIKE  |
56 |Detonape     |FIRE    |FIGHTING|FLAME_BODY        |IRON_FIST         |UNBURDEN          |[65, 115, 55, 106, 75, 100]   |195.0 |50 |FIELD       |HUMAN$LIKE  |
191|Magmaclang   |FIRE    |GHOST   |STEELWORKER       |STEELWORKER       |STEELWORKER       |[105, 35, 120, 90, 90, 65]    |165.3 |80 |AMORPHOUS   |AMORPHOUS   |
209|Flamehox     |FIRE    |GROUND  |FLAME_BODY        |FLAME_BODY        |SAND_VEIL         |[70, 53, 70, 55, 60, 52]      |290.2 |55 |FIELD       |MONSTER     |
210|Fireshard    |FIRE    |FLYING  |INTIMIDATE        |INTIMIDATE        |SAND_VEIL         |[75, 75, 75, 90, 75, 70]      |301.3 |35 |FIELD       |MONSTER     |
211|Blastflames  |FIRE    |DRAGON  |LEVITATE          |LEVITATE          |SHEER_FORCE       |[95, 75, 87, 140, 80, 83]     |345.6 |15 |FIELD       |MONSTER     |
101|Tiowoo       |FIRE    |ROCK    |SOLID_ROCK        |SOLID_ROCK        |MAGMA_ARMOR       |[60, 35, 78, 50, 77, 30]      |28.9  |230|MINERAL     |MINERAL     |
102|Magwoo       |FIRE    |ROCK    |SOLID_ROCK        |SOLID_ROCK        |MAGMA_ARMOR       |[70, 57, 105, 51, 87, 30]     |199.3 |110|MINERAL     |MINERAL     |
103|Lafloo       |FIRE    |ROCK    |SOLID_ROCK        |SOLID_ROCK        |MAGMA_ARMOR       |[90, 80, 95, 120, 95, 45]     |450.9 |50 |MINERAL     |MINERAL     |
96 |Houndour     |FIRE    |DARK    |SOLAR_POWER       |FLASH_FIRE        |INTIMIDATE        |[45, 60, 30, 80, 50, 65]      |23.8  |120|FIELD       |FIELD       |
97 |Houndoom     |FIRE    |DARK    |SOLAR_POWER       |FLASH_FIRE        |INTIMIDATE        |[75, 90, 50, 110, 80, 95]     |77.2  |45 |FIELD       |FIELD       |
92 |Sparkdust    |MAGIC   |null    |MAGIC_GUARD       |SHIELD_DUST       |MAGIC_BOUNCE      |[40, 45, 40, 75, 65, 70]      |3.5   |100|FIELD       |FAIRY       |
93 |Splame       |MAGIC   |FIRE    |SLEIGHT_OF_HAND   |SHIELD_DUST       |MAGIC_BOUNCE      |[85, 45, 65, 145, 110, 55]    |5.5   |50 |FIELD       |FAIRY       |
110|Sparkitten   |FIRE    |LIGHT   |ANTICIPATION      |ANTICIPATION      |NULL              |[60, 70, 65, 70, 65, 70]      |16.0  |110|FIELD       |FIELD       |
111|Fireblion    |FIRE    |null    |DROUGHT           |DROUGHT           |NULL              |[85, 105, 99, 40, 92, 89]     |295.5 |35 |FIELD       |FIELD       |
112|Flamebless   |FIRE    |LIGHT   |COMPETITIVE       |COMPETITIVE       |NULL              |[70, 40, 55, 120, 115, 110]   |125.0 |35 |FIELD       |FIELD       |
164|Shookwat     |ELECTRIC|null    |STATIC            |VOLT_ABSORB       |MOTOR_DRIVE       |[55, 62, 46, 73, 75, 49]      |11.0  |255|AMORPHOUS   |MONSTER     |
165|Wattwo       |ELECTRIC|null    |STATIC            |ELECTRIC_SURGE    |MOTOR_DRIVE       |[83, 65, 92, 105, 80, 50]     |56.1  |100|AMORPHOUS   |MONSTER     |
166|Megawatt     |ELECTRIC|STEEL   |HUGE_POWER        |ELECTRIC_SURGE    |MOTOR_DRIVE       |[85, 65, 120, 92, 98, 55]     |65.9  |35 |AMORPHOUS   |MONSTER     |
139|Elelamb      |ELECTRIC|GROUND  |STATIC            |FLUFFY            |UNERODIBLE        |[54, 32, 53, 65, 58, 33]      |40.1  |255|FIELD       |FIELD       |
140|Electroram   |ELECTRIC|GROUND  |STATIC            |FLUFFY            |UNERODIBLE        |[65, 80, 55, 45, 60, 50]      |76.0  |120|FIELD       |FIELD       |
141|Superchargo  |ELECTRIC|GROUND  |SPEED_BOOST       |FLUFFY            |UNERODIBLE        |[85, 128, 72, 60, 77, 98]     |91.3  |45 |FIELD       |FIELD       |
151|Twigzap      |GRASS   |ELECTRIC|SAP_SIPPER        |VOLT_ABSORB       |CHLOROPHYLL       |[34, 62, 43, 58, 44, 59]      |3.6   |255|GRASS       |GRASS       |
152|Shockbranch  |GRASS   |ELECTRIC|SAP_SIPPER        |VOLT_ABSORB       |CHLOROPHYLL       |[65, 94, 49, 60, 54, 73]      |13.4  |120|GRASS       |GRASS       |
153|Thunderzap   |GRASS   |ELECTRIC|SAP_SIPPER        |VOLT_ABSORB       |CHLOROPHYLL       |[90, 70, 100, 85, 100, 55]    |245.9 |45 |GRASS       |GRASS       |
142|Magie        |STEEL   |NORMAL  |TOUGH_CLAWS       |IRON_BARBS        |WEAK_ARMOR        |[30, 60, 73, 30, 65, 58]      |50.5  |100|FIELD       |MINERAL     |
143|Cumin        |STEEL   |LIGHT   |TOUGH_CLAWS       |IRON_BARBS        |WEAK_ARMOR        |[60, 80, 95, 65, 95, 95]      |125.7 |65 |FIELD       |MINERAL     |
144|Cinneroph    |STEEL   |MAGIC   |TOUGH_CLAWS       |IRON_BARBS        |WEAK_ARMOR        |[69, 95, 97, 70, 95, 104]     |130.6 |35 |FIELD       |MINERAL     |
145|Vupp         |ELECTRIC|NORMAL  |ELECTRIC_SURGE    |MOTOR_DRIVE       |GALVANIZE         |[30, 45, 25, 35, 40, 60]      |10.1  |100|FIELD       |FIELD       |
146|Vinnie       |ELECTRIC|LIGHT   |ELECTRIC_SURGE    |MOTOR_DRIVE       |GALVANIZE         |[75, 95, 60, 95, 60, 105]     |45.1  |65 |FIELD       |FIELD       |
147|Suvinero     |ELECTRIC|MAGIC   |ELECTRIC_SURGE    |MOTOR_DRIVE       |GALVANIZE         |[75, 105, 70, 95, 75, 125]    |51.0  |35 |FIELD       |FIELD       |
148|Whiskie      |FIGHTING|NORMAL  |GUTS              |MOXIE             |NO_GUARD          |[35, 65, 45, 15, 40, 45]      |35.6  |100|FIELD       |HUMAN$LIKE  |
149|Whiskers     |FIGHTING|LIGHT   |GUTS              |MOXIE             |NO_GUARD          |[95, 125, 105, 25, 75, 50]    |100.9 |65 |FIELD       |HUMAN$LIKE  |
150|Whiskeroar   |FIGHTING|MAGIC   |ADAPTABILITY      |JUSTIFIED         |NO_GUARD          |[95, 130, 100, 85, 75, 55]    |145.1 |35 |FIELD       |HUMAN$LIKE  |
78 |Nincada      |BUG     |GROUND  |COMPOUND_EYES     |TINTED_LENS       |SWARM             |[31, 45, 90, 30, 30, 40]      |12.1  |255|BUG         |BUG         |
79 |Ninjask      |BUG     |FLYING  |SPEED_BOOST       |TINTED_LENS       |SWARM             |[61, 90, 45, 50, 50, 160]     |26.5  |120|BUG         |BUG         |
80 |Shedinja     |BUG     |GHOST   |WONDER_GUARD      |WONDER_GUARD      |WONDER_GUARD      |[1, 90, 45, 30, 30, 40]       |2.6   |45 |MINERAL     |MINERAL     |
192|Sheltor      |WATER   |GHOST   |SWIFT_SWIM        |REGENERATOR       |SHELL_ARMOR       |[68, 29, 71, 31, 58, 33]      |9.5   |200|WATER_1     |WATER_1     |
193|Shelnado     |WATER   |GHOST   |SWIFT_SWIM        |REGENERATOR       |SHELL_ARMOR       |[87, 51, 75, 97, 86, 83]      |65.7  |45 |WATER_1     |WATER_1     |
154|Lilyray      |WATER   |null    |UNAWARE           |WATER_ABSORB      |LIGHTNING_ROD     |[34, 14, 20, 27, 90, 15]      |9.9   |140|WATER_2     |WATER_2     |
155|Daray        |WATER   |FLYING  |UNAWARE           |WATER_ABSORB      |LIGHTNING_ROD     |[100, 28, 45, 72, 110, 45]    |41.8  |140|WATER_2     |WATER_2     |
156|Spinaquata   |WATER   |DRAGON  |DRIZZLE           |WATER_ABSORB      |LIGHTNING_ROD     |[100, 90, 66, 74, 84, 81]     |129.5 |75 |WATER_2     |WATER_2     |
167|Magikarp     |WATER   |null    |SWIFT_SWIM        |RATTLED           |MULTISCALE        |[20, 10, 55, 15, 20, 80]      |22.0  |255|WATER_2     |DRAGON      |
168|Gyarados     |WATER   |FLYING  |INTIMIDATE        |MOXIE             |MULTISCALE        |[95, 125, 79, 60, 100, 81]    |518.1 |45 |WATER_2     |DRAGON      |
182|Staryu       |WATER   |GALACTIC|ILLUMINATION      |NATURAL_CURE      |REGENERATOR       |[30, 45, 55, 70, 55, 85]      |76.1  |225|WATER_3     |ALIEN       |
183|Starmie      |WATER   |GALACTIC|ILLUMINATION      |NATURAL_CURE      |REGENERATOR       |[60, 75, 85, 100, 85, 115]    |176.4 |60 |WATER_3     |ALIEN       |
212|Ali          |DARK    |WATER   |AMBUSH            |STRONG_JAW        |THREATENING       |[90, 120, 80, 45, 55, 60]     |410.9 |45 |WATER_1     |MONSTER     |
213|Batorali     |DARK    |FLYING  |AMBUSH            |STRONG_JAW        |THREATENING       |[105, 130, 80, 75, 55, 95]    |476.0 |10 |WATER_1     |MONSTER     |
159|Posho        |MAGIC   |DRAGON  |REGENERATOR       |MAGIC_GUARD       |WONDER_SKIN       |[35, 35, 35, 100, 45, 45]     |21.0  |30 |WATER_2     |FAIRY       |
160|Shomp        |WATER   |DRAGON  |SWIFT_SWIM        |SNIPER            |STRONG_JAW        |[81, 93, 63, 93, 70, 60]      |835.9 |30 |WATER_2     |FAIRY       |
161|Poshorump    |MAGIC   |DRAGON  |SWIFT_SWIM        |MAGIC_GUARD       |WONDER_SKIN       |[100, 95, 90, 95, 90, 90]     |954.5 |10 |WATER_2     |FAIRY       |
174|Binacle      |WATER   |ROCK    |TOUGH_CLAWS       |SNIPER            |SHELL_ARMOR       |[42, 52, 67, 39, 56, 50]      |68.3  |120|WATER_3     |MINERAL     |
175|Barbaracle   |WATER   |ROCK    |TOUGH_CLAWS       |SNIPER            |SHELL_ARMOR       |[72, 105, 115, 54, 86, 68]    |211.6 |45 |WATER_3     |MINERAL     |
176|Durfish      |WATER   |GROUND  |ILLUMINATION      |PRANKSTER         |SLIPSTREAM        |[55, 60, 64, 62, 55, 49]      |6.8   |95 |WATER_2     |MONSTER     |
177|Dompster     |WATER   |GROUND  |SEABED_SIFTER     |PRANKSTER         |SLIPSTREAM        |[70, 115, 100, 60, 80, 60]    |67.9  |35 |WATER_2     |MONSTER     |
217|Kissyfishy   |WATER   |MAGIC   |SWIFT_SWIM        |REGENERATOR       |WONDER_SKIN       |[45, 45, 75, 60, 75, 100]     |10.6  |25 |WATER_2     |MONSTER     |
44 |Ekans        |POISON  |DRAGON  |INTIMIDATE        |SHED_SKIN         |CORROSION         |[35, 60, 44, 40, 54, 55]      |15.2  |255|FIELD       |DRAGON      |
45 |Arbok        |POISON  |DRAGON  |INTIMIDATE        |SHED_SKIN         |CORROSION         |[60, 110, 70, 55, 80, 80]     |143.3 |90 |FIELD       |DRAGON      |
119|Zubat        |POISON  |FLYING  |STRONG_JAW        |INNER_FOCUS       |POISON_TOUCH      |[40, 45, 35, 30, 40, 55]      |16.5  |255|FLYING      |FLYING      |
120|Golbat       |POISON  |FLYING  |STRONG_JAW        |INNER_FOCUS       |POISON_TOUCH      |[75, 80, 70, 65, 75, 90]      |121.3 |90 |FLYING      |FLYING      |
121|Crobat       |POISON  |FLYING  |STRONG_JAW        |INNER_FOCUS       |POISON_TOUCH      |[85, 90, 80, 70, 80, 130]     |165.3 |90 |FLYING      |FLYING      |
194|Poof         |GHOST   |null    |FRIENDLY_GHOST    |LEVITATE          |PRANKSTER         |[55, 60, 80, 75, 65, 65]      |0.2   |135|AMORPHOUS   |AMORPHOUS   |
195|Hast         |GHOST   |STEEL   |FRIENDLY_GHOST    |LEVITATE          |PRANKSTER         |[65, 70, 120, 60, 120, 65]    |200.5 |45 |AMORPHOUS   |AMORPHOUS   |
196|Poov         |GHOST   |DARK    |CURSED_BODY       |ADAPTABILITY      |PERISH_BODY       |[75, 85, 45, 60, 55, 79]      |3.4   |95 |AMORPHOUS   |AMORPHOUS   |
197|Grust        |GHOST   |DARK    |CURSED_BODY       |ANGER_POINT       |PERISH_BODY       |[130, 105, 55, 80, 60, 69]    |20.7  |35 |AMORPHOUS   |AMORPHOUS   |
169|Cluuz        |GHOST   |POISON  |LEVITATE          |LEVITATE          |PRESSURE          |[60, 42, 58, 105, 97, 73]     |0.5   |175|AMORPHOUS   |MINERAL     |
170|Zurrclu      |GHOST   |ROCK    |LEVITATE          |LEVITATE          |PRESSURE          |[80, 90, 96, 71, 85, 58]      |199.1 |55 |AMORPHOUS   |MINERAL     |
171|Zurroaratr   |GHOST   |ROCK    |LEVITATE          |LEVITATE          |PRESSURE          |[100, 109, 110, 67, 99, 55]   |600.3 |15 |AMORPHOUS   |MINERAL     |
72 |Timburr      |FIGHTING|null    |GUTS              |IRON_FIST         |SCRAPPY           |[75, 80, 55, 25, 35, 35]      |27.6  |180|HUMAN$LIKE  |HUMAN$LIKE  |
73 |Gurdurr      |FIGHTING|null    |GUTS              |IRON_FIST         |SCRAPPY           |[85, 105, 85, 40, 50, 40]     |88.2  |90 |HUMAN$LIKE  |HUMAN$LIKE  |
74 |Conkeldurr   |FIGHTING|null    |GUTS              |IRON_FIST         |SCRAPPY           |[105, 140, 95, 55, 65, 45]    |191.8 |45 |HUMAN$LIKE  |HUMAN$LIKE  |
75 |Rhypo        |GROUND  |null    |RATTLED           |SAND_FORCE        |ROUGH_SKIN        |[51, 65, 89, 30, 66, 15]      |49.5  |235|FIELD       |MINERAL     |
76 |Rhynee       |GROUND  |null    |SAND_STREAM       |SAND_FORCE        |ROUGH_SKIN        |[57, 73, 112, 55, 95, 20]     |295.1 |175|FIELD       |MINERAL     |
77 |Rhypolar     |GROUND  |FIGHTING|SAND_STREAM       |SAND_FORCE        |ROUGH_SKIN        |[75, 100, 145, 70, 95, 25]    |889.1 |45 |FIELD       |MINERAL     |
115|Diggie       |GROUND  |null    |SAND_RUSH         |TOUGH_CLAWS       |MOLD_BREAKER      |[37, 85, 47, 23, 63, 78]      |29.0  |200|FIELD       |FIELD       |
116|Drillatron   |GROUND  |LIGHT   |SAND_FORCE        |TOUGH_CLAWS       |MOLD_BREAKER      |[65, 128, 55, 80, 55, 120]    |55.1  |45 |FIELD       |FIELD       |
69 |Wormite      |GROUND  |null    |SAND_VEIL         |RATTLED           |REGENERATOR       |[45, 60, 55, 35, 25, 55]      |40.3  |255|FIELD       |MINERAL     |
70 |Wormbot      |GROUND  |STEEL   |SAND_VEIL         |RATTLED           |REGENERATOR       |[50, 80, 100, 60, 35, 60]     |163.6 |195|FIELD       |MINERAL     |
71 |Wormatron    |GROUND  |DRAGON  |SAND_VEIL         |ROUGH_SKIN        |REGENERATOR       |[60, 100, 120, 105, 70, 65]   |245.3 |45 |FIELD       |MINERAL     |
57 |Cleffa       |GALACTIC|LIGHT   |MAGIC_GUARD       |UNAWARE           |CLOUD_NINE        |[50, 25, 28, 45, 55, 15]      |6.6   |150|FAIRY       |ALIEN       |
58 |Clefairy     |GALACTIC|LIGHT   |MAGIC_GUARD       |UNAWARE           |CLOUD_NINE        |[70, 45, 48, 60, 65, 35]      |16.5  |150|FAIRY       |ALIEN       |
59 |Clefable     |GALACTIC|LIGHT   |MAGIC_GUARD       |UNAWARE           |CLOUD_NINE        |[95, 70, 73, 95, 90, 60]      |88.2  |25 |FAIRY       |ALIEN       |
67 |Minishoo     |MAGIC   |FLYING  |SERENE_GRACE      |NATURAL_CURE      |MYSTIC_RIFT       |[40, 45, 65, 100, 105, 65]    |12.9  |100|FAIRY       |FLYING      |
68 |Glittleshoo  |MAGIC   |FLYING  |SERENE_GRACE      |NATURAL_CURE      |MYSTIC_RIFT       |[70, 45, 75, 135, 115, 80]    |75.1  |55 |FAIRY       |FLYING      |
117|Zorua        |NORMAL  |GHOST   |ILLUSION          |ILLUMINATION      |ADAPTABILITY      |[35, 60, 40, 85, 40, 70]      |27.6  |75 |FIELD       |FIELD       |
118|Zoroark      |NORMAL  |GHOST   |ILLUSION          |ILLUMINATION      |ADAPTABILITY      |[55, 100, 60, 125, 60, 110]   |178.8 |45 |FIELD       |FIELD       |
214|Droid        |STEEL   |null    |SNIPER            |VOLT_ABSORB       |FULL_FORCE        |[50, 70, 55, 50, 50, 55]      |99.9  |135|HUMAN$LIKE  |HUMAN$LIKE  |
215|Armoid       |STEEL   |null    |SNIPER            |VOLT_ABSORB       |FULL_FORCE        |[65, 75, 105, 50, 75, 60]     |149.9 |95 |HUMAN$LIKE  |HUMAN$LIKE  |
216|Soldrota     |STEEL   |null    |SNIPER            |VOLT_ABSORB       |FULL_FORCE        |[70, 115, 115, 90, 75, 65]    |199.9 |45 |HUMAN$LIKE  |HUMAN$LIKE  |
228|Tinkie       |MAGIC   |GALACTIC|SPARKLY_SURGE     |SKILL_LINK        |SUPER_LUCK        |[55, 76, 55, 54, 90, 60]      |10.0  |45 |FAIRY       |ALIEN       |
229|Shawar       |MAGIC   |GALACTIC|SPARKLY_SURGE     |SKILL_LINK        |SUPER_LUCK        |[75, 80, 75, 60, 90, 75]      |100.0 |35 |FAIRY       |ALIEN       |
230|Shaboom      |MAGIC   |GALACTIC|SPARKLY_SURGE     |SKILL_LINK        |SUPER_LUCK        |[100, 100, 100, 100, 100, 100]|292.3 |25 |FAIRY       |ALIEN       |
231|Dragee       |DRAGON  |LIGHT   |MULTISCALE        |MULTISCALE        |ILLUMINATION      |[80, 40, 57, 63, 59, 51]      |50.2  |45 |WATER_1     |DRAGON      |
232|Draga        |DRAGON  |LIGHT   |MULTISCALE        |MULTISCALE        |ILLUMINATION      |[85, 75, 80, 90, 75, 60]      |103.4 |35 |WATER_1     |DRAGON      |
233|Drageye      |DRAGON  |LIGHT   |MULTISCALE        |MULTISCALE        |ILLUMINATION      |[95, 85, 90, 115, 125, 90]    |247.2 |25 |WATER_1     |DRAGON      |
225|Blobmo       |GALACTIC|null    |SHIELD_DUST       |REGENERATOR       |LEVITATE          |[90, 30, 30, 30, 100, 30]     |100.2 |85 |ALIEN       |AMORPHOUS   |
226|Nebulimb     |GALACTIC|null    |SHIELD_DUST       |REGENERATOR       |GRAVITATION       |[125, 45, 50, 45, 115, 40]    |759.2 |65 |ALIEN       |AMORPHOUS   |
227|Galactasolder|GALACTIC|FIGHTING|SNIPER            |SHEER_FORCE       |GRAVITATION       |[170, 135, 70, 55, 115, 50]   |1000.5|35 |ALIEN       |AMORPHOUS   |
218|Consodust    |GALACTIC|ICE     |SNOW_WARNING      |SLUSH_RUSH        |RECKLESS          |[70, 33, 76, 58, 93, 85]      |90.3  |100|ALIEN       |ALIEN       |
219|Cosmocrash   |GALACTIC|ICE     |SNOW_WARNING      |SLUSH_RUSH        |RECKLESS          |[90, 150, 60, 65, 60, 100]    |378.2 |45 |ALIEN       |ALIEN       |
223|Rockmite     |GALACTIC|ROCK    |GRAVITATION       |HUGE_POWER        |MOLD_BREAKER      |[70, 65, 130, 55, 75, 55]     |632.5 |75 |ALIEN       |MINERAL     |
224|Stellarock   |GALACTIC|ROCK    |GRAVITATION       |HUGE_POWER        |MOLD_BREAKER      |[80, 75, 180, 65, 80, 60]     |1000.5|35 |ALIEN       |MINERAL     |
-10|Poof-E       |GHOST   |ELECTRIC|FRIENDLY_GHOST    |COMPETITIVE       |LEVITATE          |[40, 35, 70, 85, 85, 85]      |1.0   |135|AMORPHOUS   |AMORPHOUS   |
-11|Hast-E       |GHOST   |ELECTRIC|FRIENDLY_GHOST    |COMPETITIVE       |LEVITATE          |[45, 75, 70, 150, 45, 115]    |145.2 |45 |AMORPHOUS   |AMORPHOUS   |
-7 |Droid-E      |FIGHTING|ELECTRIC|SNIPER            |IRON_FIST         |FULL_FORCE        |[40, 75, 70, 30, 30, 85]      |94.9  |135|HUMAN$LIKE  |HUMAN$LIKE  |
-8 |Armoid-E     |FIGHTING|ELECTRIC|SNIPER            |IRON_FIST         |FULL_FORCE        |[50, 100, 75, 45, 55, 105]    |144.9 |95 |HUMAN$LIKE  |HUMAN$LIKE  |
-9 |Soldrota-E   |FIGHTING|ELECTRIC|SNIPER            |IRON_FIST         |FULL_FORCE        |[75, 145, 85, 50, 65, 110]    |194.9 |45 |HUMAN$LIKE  |HUMAN$LIKE  |
-14|Flamehox-E   |FIRE    |ELECTRIC|STATIC            |FLAME_BODY        |ADAPTABILITY      |[60, 65, 50, 75, 50, 60]      |97.4  |55 |FIELD       |MONSTER     |
-15|Fireshard-E  |FIRE    |ELECTRIC|LEVITATE          |FLAME_BODY        |ADAPTABILITY      |[90, 70, 80, 85, 65, 70]      |301.3 |35 |FIELD       |MONSTER     |
-16|Blastflames-E|FIRE    |ELECTRIC|LEVITATE          |FLAME_BODY        |ADAPTABILITY      |[95, 90, 90, 120, 90, 75]     |345.0 |15 |FIELD       |MONSTER     |
-1 |Sedinister-E |ROCK    |ELECTRIC|STURDY            |LIGHTNING_ROD     |UNERODIBLE        |[40, 65, 74, 49, 53, 44]      |94.4  |200|MINERAL     |MINERAL     |
-2 |Metaslate-E  |ROCK    |ELECTRIC|STURDY            |LIGHTNING_ROD     |UNERODIBLE        |[80, 77, 90, 77, 56, 45]      |246.3 |130|MINERAL     |MINERAL     |
-3 |Sedisoftra-E |ROCK    |ELECTRIC|STURDY            |LIGHTNING_ROD     |UNERODIBLE        |[120, 66, 92, 122, 80, 45]    |357.4 |40 |MINERAL     |MINERAL     |
-4 |Prismodon-E  |LIGHT   |ELECTRIC|CLEAR_BODY        |GALVANIZE         |FILTER            |[120, 95, 70, 65, 130, 45]    |770.5 |35 |MINERAL     |MINERAL     |
-5 |Magikarp-E   |WATER   |ELECTRIC|SWIFT_SWIM        |RATTLED           |MULTISCALE        |[20, 10, 25, 45, 30, 70]      |16.5  |155|WATER_2     |DRAGON      |
-6 |Gyarados-E   |WATER   |ELECTRIC|VOLT_VORTEX       |MOTOR_DRIVE       |DEFIANT           |[105, 135, 80, 25, 110, 85]   |510.9 |35 |WATER_2     |DRAGON      |
-17|Shockfang    |DRAGON  |ELECTRIC|STATIC            |REGENERATOR       |HYDRATION         |[80, 65, 65, 105, 65, 50]     |102.6 |45 |WATER_3     |DRAGON      |
-18|Electrocobra |DRAGON  |ELECTRIC|STATIC            |REGENERATOR       |HYDRATION         |[90, 75, 75, 114, 70, 106]    |237.6 |45 |WATER_3     |DRAGON      |
-17|Nightrex     |DRAGON  |DARK    |MOXIE             |DEFIANT           |PRESSURE          |[95, 105, 65, 35, 55, 75]     |145.8 |45 |WATER_3     |DRAGON      |
-18|Shadowsaur   |DRAGON  |DARK    |MOXIE             |DEFIANT           |PRESSURE          |[134, 110, 101, 35, 85, 65]   |394.5 |45 |WATER_3     |DRAGON      |
-15|Durfish-S    |GROUND  |GHOST   |ILLUMINATION      |PRANKSTER         |SLIPSTREAM        |[60, 45, 52, 64, 65, 59]      |2.5   |90 |WATER_2     |MONSTER     |
-16|Dompster-S   |DRAGON  |GHOST   |SHADOW_VEIL       |PRANKSTER         |SLIPSTREAM        |[65, 135, 65, 50, 70, 100]    |94.2  |30 |WATER_2     |MONSTER     |
-1 |Wormite-S    |GROUND  |DARK    |ADAPTABILITY      |SAND_RUSH         |REGENERATOR       |[20, 50, 50, 35, 50, 70]      |5.6   |255|FIELD       |MINERAL     |
-2 |Wormbot-S    |GROUND  |DARK    |ADAPTABILITY      |SAND_RUSH         |REGENERATOR       |[40, 75, 75, 60, 50, 85]      |46.6  |195|FIELD       |MINERAL     |
-3 |Wormatron-S  |GROUND  |DARK    |ADAPTABILITY      |SAND_RUSH         |REGENERATOR       |[100, 115, 90, 85, 50, 80]    |165.2 |45 |FIELD       |MINERAL     |
-12|Cluuz-S      |POISON  |DARK    |LEVITATE          |LEVITATE          |PRESSURE          |[55, 42, 38, 110, 110, 80]    |0.4   |175|AMORPHOUS   |AMORPHOUS   |
-13|Zurrclu-S    |POISON  |DARK    |LEVITATE          |LEVITATE          |PRESSURE          |[80, 70, 50, 100, 100, 80]    |36.5  |55 |AMORPHOUS   |AMORPHOUS   |
-14|Zurroaratr-S |POISON  |DARK    |LEVITATE          |LEVITATE          |PRESSURE          |[95, 75, 65, 123, 97, 85]     |80.5  |15 |AMORPHOUS   |AMORPHOUS   |
-4 |Sember-S     |FIRE    |DARK    |FLASH_FIRE        |SUPER_LUCK        |FLAME_BODY        |[30, 20, 40, 83, 50, 83]      |19.4  |195|FIELD       |HUMAN$LIKE  |
-5 |Kaboon-S     |FIGHTING|DARK    |GUTS              |SUPER_LUCK        |FLAME_BODY        |[67, 88, 70, 40, 72, 63]      |78.5  |100|FIELD       |HUMAN$LIKE  |
-6 |Detonape-S   |FIGHTING|DARK    |GUTS              |SUPER_LUCK        |FLAME_BODY        |[115, 115, 75, 46, 90, 75]    |205.3 |50 |FIELD       |HUMAN$LIKE  |
-7 |Ekans-S      |FLYING  |GHOST   |SHED_SKIN         |LIGHTNING_ROD     |PRESSURE          |[35, 40, 54, 65, 64, 30]      |3.9   |255|FLYING      |DRAGON      |
-8 |Arbok-S      |FLYING  |GHOST   |SHED_SKIN         |LIGHTNING_ROD     |PRESSURE          |[80, 40, 90, 115, 90, 75]     |17.5  |90 |FLYING      |DRAGON      |
243|Blohadel     |WATER   |FIRE    |DRIZZLE           |DRIZZLE           |DRIZZLE           |[140, 25, 150, 77, 150, 58]   |9500.4|3  |UNDISCOVERED|UNDISCOVERED|
240|Perilyte     |ROCK    |MAGIC   |TYPE_MASTER       |TYPE_MASTER       |TYPE_MASTER       |[70, 125, 60, 125, 75, 145]   |820.6 |3  |UNDISCOVERED|UNDISCOVERED|
244|Faulette     |DARK    |MAGIC   |JACKPOT           |JACKPOT           |JACKPOT           |[80, 75, 85, 155, 85, 120]    |251.9 |3  |UNDISCOVERED|UNDISCOVERED|
242|Sasquotta    |GROUND  |MAGIC   |TERRAFORGE        |TERRAFORGE        |TERRAFORGE        |[125, 110, 130, 55, 90, 90]   |3830.3|3  |UNDISCOVERED|UNDISCOVERED|
241|Hueduu       |POISON  |MAGIC   |PROTEAN           |PROTEAN           |PROTEAN           |[75, 65, 90, 134, 110, 126]   |186.5 |3  |UNDISCOVERED|UNDISCOVERED|
245|Relomidel    |ICE     |DRAGON  |COLD_HEART        |COLD_HEART        |PRESSURE          |[120, 150, 100, 80, 130, 100] |750.5 |3  |UNDISCOVERED|UNDISCOVERED|
246|Relopamil    |PSYCHIC |DRAGON  |WARM_HEART        |WARM_HEART        |PRESSURE          |[120, 80, 130, 150, 100, 100] |705.2 |3  |UNDISCOVERED|UNDISCOVERED|
247|Dragowrath   |GALACTIC|DRAGON  |WHITE_HOLE        |WHITE_HOLE        |PRESSURE          |[110, 100, 100, 160, 100, 130]|956.4 |3  |UNDISCOVERED|UNDISCOVERED|
249|Solaroxyous  |FIRE    |GALACTIC|DROUGHT           |DROUGHT           |DROUGHT           |[190, 75, 120, 90, 120, 75]   |9999.9|3  |UNDISCOVERED|UNDISCOVERED|
0  |Kissyfishy-D |WATER   |DRAGON  |ADAPTABILITY      |WATER_VEIL        |INTIMIDATE        |[160, 100, 75, 100, 75, 90]   |895.4 |3  |UNDISCOVERED|UNDISCOVERED|
89 |Scraggy      |DARK    |FIGHTING|INTIMIDATE        |MOXIE             |SHED_SKIN         |[50, 75, 70, 35, 70, 48]      |26.0  |180|FIELD       |DRAGON      |
90 |Scrafty      |DARK    |FIGHTING|INTIMIDATE        |MOXIE             |SHED_SKIN         |[65, 90, 115, 45, 115, 58]    |66.1  |90 |FIELD       |DRAGON      |
91 |Scraftagon   |DRAGON  |FIGHTING|SCALY_SKIN        |MOXIE             |SHED_SKIN         |[70, 110, 120, 45, 120, 90]   |92.6  |45 |FIELD       |DRAGON      |
198|Glimmet      |ROCK    |POISON  |TOXIC_DEBRIS      |TOXIC_DEBRIS      |CORROSION         |[48, 35, 42, 105, 60, 60]     |17.6  |70 |MINERAL     |MINERAL     |
199|Glimmora     |ROCK    |POISON  |TOXIC_DEBRIS      |TOXIC_DEBRIS      |CORROSION         |[83, 55, 90, 130, 81, 86]     |99.2  |25 |MINERAL     |MINERAL     |
46 |Abra         |PSYCHIC |null    |MAGICAL           |SYNCHRONIZE       |MAGIC_GUARD       |[25, 20, 15, 105, 55, 90]     |43.0  |200|HUMAN$LIKE  |HUMAN$LIKE  |
47 |Kadabra      |PSYCHIC |null    |MAGICAL           |SYNCHRONIZE       |MAGIC_GUARD       |[40, 35, 30, 120, 70, 105]    |124.6 |100|HUMAN$LIKE  |HUMAN$LIKE  |
48 |Alakazam     |PSYCHIC |null    |MAGICAL           |SYNCHRONIZE       |MAGIC_GUARD       |[55, 50, 45, 135, 95, 120]    |105.8 |50 |HUMAN$LIKE  |HUMAN$LIKE  |
220|Flamigo      |FLYING  |FIGHTING|SCRAPPY           |UNBURDEN          |TALENTED          |[82, 115, 74, 75, 64, 90]     |81.6  |100|FLYING      |FLYING      |
200|Sneasel      |DARK    |ICE     |INNER_FOCUS       |KEEN_EYE          |PICKPOCKET        |[55, 95, 55, 35, 75, 115]     |61.7  |60 |FIELD       |FIELD       |
201|Weavile      |DARK    |ICE     |TECHNICIAN        |PRESSURE          |PICKPOCKET        |[70, 120, 65, 45, 85, 125]    |75.0  |45 |FIELD       |FIELD       |
202|Sneasel-H    |FIGHTING|POISON  |INNER_FOCUS       |KEEN_EYE          |PICKPOCKET        |[55, 95, 55, 35, 75, 115]     |59.5  |60 |FIELD       |FIELD       |
203|Sneasler     |FIGHTING|POISON  |UNBURDEN          |POISON_TOUCH      |PICKPOCKET        |[80, 130, 60, 40, 80, 120]    |94.8  |20 |FIELD       |FIELD       |
-3 |Solosis      |PSYCHIC |null    |MAGIC_GUARD       |EMPATHIC_LINK     |REGENERATOR       |[45, 30, 40, 105, 50, 20]     |2.2   |200|AMORPHOUS   |AMORPHOUS   |
-4 |Duosion      |PSYCHIC |null    |MAGIC_GUARD       |EMPATHIC_LINK     |REGENERATOR       |[65, 40, 50, 125, 60, 30]     |17.6  |100|AMORPHOUS   |AMORPHOUS   |
-5 |Reuniclus    |PSYCHIC |null    |MAGIC_GUARD       |EMPATHIC_LINK     |REGENERATOR       |[110, 65, 75, 125, 85, 30]    |44.3  |50 |AMORPHOUS   |AMORPHOUS   |
86 |Solosis-X    |LIGHT   |null    |RADIANT           |HEAT_COMPACTION   |PIXILATE          |[45, 20, 45, 105, 55, 20]     |11.2  |200|AMORPHOUS   |MINERAL     |
87 |Duosion-X    |LIGHT   |null    |RADIANT           |HEAT_COMPACTION   |PIXILATE          |[60, 25, 60, 125, 65, 35]     |56.3  |100|AMORPHOUS   |MINERAL     |
88 |Reuniclus-X  |LIGHT   |null    |RADIANT           |HEAT_COMPACTION   |PIXILATE          |[70, 75, 55, 125, 70, 95]     |78.0  |50 |AMORPHOUS   |MINERAL     |
172|Seviper      |POISON  |null    |SHARP_TAIL        |MERCILESS         |SHED_SKIN         |[73, 100, 60, 100, 60, 65]    |115.7 |90 |FIELD       |DRAGON      |
173|Hissimitar   |POISON  |STEEL   |SHARP_TAIL        |MERCILESS         |SHARPNESS         |[78, 140, 79, 70, 63, 105]    |224.1 |45 |FIELD       |DRAGON      |
-6 |Gulpin       |POISON  |null    |STICKY_HOLD       |GOOEY             |SIMPLE            |[80, 43, 53, 43, 53, 40]      |22.7  |225|AMORPHOUS   |AMORPHOUS   |
-7 |Swalot       |POISON  |null    |STICKY_HOLD       |GOOEY             |SIMPLE            |[120, 73, 83, 73, 83, 55]     |176.4 |75 |AMORPHOUS   |AMORPHOUS   |
157|Gulpin-X     |GALACTIC|POISON  |BLACK_HOLE        |BLACK_HOLE        |BLACK_HOLE        |[75, 38, 63, 53, 58, 45]      |105.5 |200|AMORPHOUS   |ALIEN       |
158|Swalot-X     |GALACTIC|POISON  |BLACK_HOLE        |STICKY_HOLD       |CLOUD_NINE        |[150, 39, 80, 93, 95, 40]     |999.9 |65 |AMORPHOUS   |ALIEN       |
221|Plasamp      |GALACTIC|STEEL   |STARBORN          |LEVITATE          |MYSTIC_ABSORB     |[60, 55, 70, 90, 70, 65]      |88.1  |50 |ALIEN       |ALIEN       |
222|Genieova     |GALACTIC|STEEL   |STARBORN          |LEVITATE          |DJINN1S_FAVOR     |[90, 70, 105, 120, 95, 90]    |619.2 |15 |ALIEN       |ALIEN       |
184|Elgyem       |GALACTIC|PSYCHIC |COSMIC_WARP       |PARASOCIAL        |ANALYTIC          |[55, 55, 55, 85, 55, 30]      |19.8  |125|ALIEN       |HUMAN$LIKE  |
185|Beheeyem     |GALACTIC|PSYCHIC |COSMIC_WARP       |PARASOCIAL        |ANALYTIC          |[75, 75, 75, 125, 95, 40]     |76.1  |70 |ALIEN       |HUMAN$LIKE  |
-12|Elgyem-E     |GALACTIC|ELECTRIC|COSMIC_WARP       |PARASOCIAL        |ANALYTIC          |[75, 55, 55, 75, 45, 30]      |49.3  |125|ALIEN       |HUMAN$LIKE  |
-13|Beheeyem-E   |GALACTIC|ELECTRIC|COSMIC_WARP       |PARASOCIAL        |ANALYTIC          |[95, 85, 70, 130, 65, 40]     |145.9 |70 |ALIEN       |HUMAN$LIKE  |
23 |Caterpie     |BUG     |null    |RATTLED           |SHIELD_DUST       |SWARM             |[45, 30, 35, 20, 20, 45]      |6.4   |255|BUG         |BUG         |
-1 |Metapod      |BUG     |null    |SHED_SKIN         |SHIELD_DUST       |SWARM             |[50, 20, 55, 25, 25, 30]      |21.8  |120|BUG         |BUG         |
-2 |Butterfree   |BUG     |FLYING  |COMPOUND_EYES     |SHIELD_DUST       |TINTED_LENS       |[60, 45, 50, 95, 80, 70]      |70.5  |45 |BUG         |BUG         |
24 |Metapod-X    |BUG     |MAGIC   |WONDER_SKIN       |MAGICAL           |MAGIC_BOUNCE      |[50, 20, 50, 30, 30, 25]      |26.2  |120|BUG         |BUG         |
25 |Butterfree-X |BUG     |MAGIC   |MOSAIC_WINGS      |ENCHANTED_DUST    |SERENE_GRACE      |[60, 20, 55, 105, 90, 75]     |101.1 |40 |BUG         |BUG         |
-8 |Bronzor      |STEEL   |PSYCHIC |LEVITATE          |UNWAVERING        |BATTLE_ARMOR      |[57, 24, 86, 24, 86, 23]      |133.4 |255|MINERAL     |MINERAL     |
-9 |Bronzong     |STEEL   |PSYCHIC |LEVITATE          |UNWAVERING        |BATTLE_ARMOR      |[67, 89, 116, 79, 116, 33]    |412.3 |90 |MINERAL     |MINERAL     |
113|Bronzor-X    |MAGIC   |null    |REFORGE           |WONDER_SKIN       |BATTLE_ARMOR      |[57, 14, 76, 44, 86, 23]      |104.7 |135|MINERAL     |MINERAL     |
114|Bronzong-X   |MAGIC   |GHOST   |REFORGE           |SHADOW_TAG        |BATTLE_ARMOR      |[67, 99, 111, 79, 111, 33]    |428.2 |75 |MINERAL     |MINERAL     |
98 |Capsakid     |GRASS   |null    |CHLOROPHYLL       |INSOMNIA          |MOODY             |[50, 62, 40, 62, 40, 50]      |6.6   |190|GRASS       |GRASS       |
99 |Scovillain   |GRASS   |FIRE    |CHLOROPHYLL       |WATER_ABSORB      |MOODY             |[65, 108, 65, 108, 65, 75]    |33.1  |75 |GRASS       |GRASS       |
100|Despenero    |GRASS   |FIRE    |CHLOROPHYLL       |WATER_ABSORB      |SOLAR_POWER       |[89, 108, 75, 128, 75, 75]    |145.0 |40 |GRASS       |GRASS       |
-9 |Capsakid-S   |GRASS   |GHOST   |CHLOROPHYLL       |PICKPOCKET        |FLASH_FIRE        |[45, 67, 40, 47, 40, 65]      |3.6   |160|GRASS       |GRASS       |
-10|Scovillain-S |GRASS   |DARK    |CHLOROPHYLL       |INSECT_FEEDER     |FLASH_FIRE        |[65, 113, 60, 103, 65, 80]    |35.1  |70 |GRASS       |GRASS       |
-11|Despenero-S  |GRASS   |DARK    |CHLOROPHYLL       |INSECT_FEEDER     |FLASH_FIRE        |[84, 118, 75, 108, 75, 90]    |116.7 |25 |GRASS       |GRASS       |
234|Cage Critter |GALACTIC|BUG     |BEAST_BOOST       |BEAST_BOOST       |BEAST_BOOST       |[89, 73, 97, 157, 73, 101]    |280.5 |5  |ALIEN       |ALIEN       |
235|Icy Serpent  |ICE     |LIGHT   |BEAST_BOOST       |BEAST_BOOST       |BEAST_BOOST       |[103, 113, 139, 71, 97, 67]   |521.1 |5  |ALIEN       |ALIEN       |
236|Shocky Spire |WATER   |STEEL   |BEAST_BOOST       |BEAST_BOOST       |BEAST_BOOST       |[233, 59, 89, 83, 67, 59]     |1200.0|5  |ALIEN       |ALIEN       |
237|Dust Sorcerer|GROUND  |FLYING  |BEAST_BOOST       |BEAST_BOOST       |BEAST_BOOST       |[79, 61, 79, 127, 131, 113]   |101.1 |5  |ALIEN       |ALIEN       |
238|Fever Dream  |FIRE    |ICE     |BEAST_BOOST       |BEAST_BOOST       |BEAST_BOOST       |[103, 131, 101, 79, 97, 79]   |495.3 |5  |ALIEN       |ALIEN       |
239|Dusk Skater  |DARK    |STEEL   |BEAST_BOOST       |BEAST_BOOST       |BEAST_BOOST       |[67, 113, 59, 131, 71, 149]   |256.3 |5  |ALIEN       |ALIEN       |
248|Necrozma     |LIGHT   |DARK    |SCRAPPY           |UNBURDEN          |TALENTED          |[97, 107, 111, 147, 99, 119]  |507.1 |3  |UNDISCOVERED|UNDISCOVERED|
0  |Necrozma-Ult |LIGHT   |DARK    |SCRAPPY           |UNBURDEN          |TALENTED          |[97, 147, 97, 187, 97, 129]   |507.1 |3  |UNDISCOVERED|UNDISCOVERED|
104|Azurill      |WATER   |NORMAL  |THICK_FAT         |HUGE_POWER        |SAP_SIPPER        |[50, 20, 40, 20, 40, 20]      |4.4   |150|WATER_1     |FAIRY       |
105|Marill       |WATER   |NORMAL  |THICK_FAT         |HUGE_POWER        |SAP_SIPPER        |[70, 20, 50, 20, 50, 40]      |18.7  |190|WATER_1     |FAIRY       |
106|Azumarill    |WATER   |NORMAL  |THICK_FAT         |HUGE_POWER        |SAP_SIPPER        |[100, 50, 80, 60, 80, 50]     |62.8  |75 |WATER_1     |FAIRY       |
135|Shroodle     |POISON  |NORMAL  |PRANKSTER         |PICKPOCKET        |UNBURDEN          |[40, 65, 35, 40, 35, 75]      |1.5   |190|FIELD       |FIELD       |
136|Grafaiai     |POISON  |NORMAL  |PRANKSTER         |POISON_TOUCH      |UNBURDEN          |[63, 95, 65, 80, 72, 110]     |60.0  |90 |FIELD       |FIELD       |